"","Point est.","Upper C.I."
"(Intercept)",0.999996895762588,1.00000123103467
"traitexp:tem1.isolate.scaledFALSE",1.00005957739657,1.00022359329362
"traitmic:tem1.isolate.scaledFALSE",0.999982564305009,0.999992880157523
"traitexp:tem1.isolate.copy.number.scaled",1.0000698135085,1.00043096049659
"traitmic:tem1.isolate.copy.number.scaled",1.00000633700841,1.00002345849425
"traitexp:promoter.snvCGGCGA",0.999986476961784,0.999987765473921
"traitmic:promoter.snvCGGCGA",0.999985545494146,0.999998243769411
"traitexp:promoter.snvTGGCGA",1.00005666864066,1.00021322390511
"traitmic:promoter.snvTGGCGA",1.00003358271049,1.00014379084385
"traitexp:promoter.snvTGGCGG",1.00009771300733,1.00026502178134
"traitmic:promoter.snvTGGCGG",0.999989528093795,1.00002686260039
"phylo.542",1.00007071422746,1.00043552174438
"phylo.416",1.00006584820172,1.00009097360996
"phylo.56",1.0000718182699,1.00014625110898
"phylo.213",1.00004577897108,1.00008666460999
"phylo.54",1.00004910685829,1.00007157475545
"phylo.435",1.00001115383898,1.00002961952475
"phylo.90",1.00004581350803,1.00008300757544
"phylo.393",1.00006005871863,1.00008427503991
"phylo.72",1.00005130510724,1.00010455599909
"phylo.489",1.00007617896897,1.00014648520304
"phylo.189",1.00006356156869,1.00012183533614
"phylo.434",1.00002334898417,1.00013307604897
"phylo.194",1.00003331758976,1.00019224992716
"phylo.371",1.00002582161921,1.00017718314153
"phylo.127",1.0000279604046,1.00015760929969
"phylo.99",0.999998229064104,1.00005598920256
"phylo.129",0.999986883634057,1.00000850843324
"phylo.8",1.00001935656998,1.00009304910898
"phylo.414",1.00010284503814,1.00059542935221
"phylo.454",1.00010897225684,1.00060626649716
"phylo.120",1.00008523434279,1.00050743632834
"phylo.145",1.00005557778662,1.00014298621871
"phylo.426",1.00008801975219,1.00044522250872
"phylo.394",1.00008781749372,1.0004637497308
"phylo.183",1.00008741049803,1.00050251867278
"phylo.30",1.00004360241018,1.00027944275319
"phylo.151",1.00009515584277,1.00040592645733
"phylo.148",0.999998304423917,1.00004342689826
"phylo.236",0.999991236327507,1.00001083208142
"phylo.220",1.00001657231432,1.00001806966771
"phylo.117",1.00003038324237,1.00018713503021
"phylo.272",1.00001247087865,1.0000734248544
"phylo.400",1.00002668780092,1.00021133407532
"phylo.328",1.00004378516371,1.00028852388897
"phylo.415",1.00004067934101,1.00028172529636
"phylo.398",1.00003626194701,1.00025283550681
"phylo.252",0.999997736807762,1.00006890263471
"phylo.246",1.00005073344195,1.00013670378024
"phylo.424",1.00010119238133,1.00058404117126
"phylo.476",1.00006293678199,1.00032494697401
"phylo.468",1.00014623553943,1.00071260966143
"phylo.363",1.00013440086552,1.00073956362725
"phylo.21",1.00004391737061,1.00028274073068
"phylo.128",0.999986700871204,0.999991141985315
"phylo.257",1.00012297058289,1.00057993385299
"phylo.242",1.00010590027278,1.00056793800122
"phylo.339",1.00010674314732,1.00053456250353
"phylo.149",1.00009825665573,1.0003176611852
"phylo.445",1.00005361291427,1.00032655430203
"phylo.61",1.00001966754832,1.00013024168703
"phylo.299",1.00002283490263,1.00008922277337
"phylo.420",1.00016667011299,1.00091685365989
"phylo.103",1.00019072898613,1.00098599187922
"phylo.464",1.00007214164285,1.00043495921851
"phylo.449",1.00003839108592,1.00027322442638
"phylo.97",1.00004797024026,1.00032040298382
"phylo.208",1.00006457992024,1.00038357047203
"phylo.329",1.00003510734086,1.00021203402603
"phylo.316",1.00012105817975,1.00068026715799
"phylo.80",1.00007980263154,1.00034222499929
"phylo.438",1.00014703961777,1.00074920892944
"phylo.216",1.00002149979343,1.00013166240436
"phylo.324",1.00004795189531,1.00027667077741
"phylo.224",1.00010562772958,1.00019022916903
"phylo.447",1.00002645625867,1.00009490704027
"phylo.266",0.999991663689262,1.00001748571161
"phylo.136",0.999989644018872,1.00000295295702
"phylo.156",0.999990032564283,0.999990050666028
"phylo.144",0.999983735650557,0.999986819266002
"phylo.404",0.999984041811665,0.99998733059049
"phylo.202",0.999983665096115,0.999995152829294
"phylo.439",0.999984146983041,1.00000073174524
"phylo.366",1.00000211220261,1.00004398872716
"phylo.285",1.00000888479157,1.00003463596709
"phylo.133",1.00004826650449,1.00011623574304
"phylo.284",1.00001980278892,1.00017712901625
"phylo.512",1.00000608221107,1.00001208225254
"phylo.155",1.00003886276934,1.00005073906966
"phylo.37",1.0000003235477,1.00005715354744
"phylo.317",1.00016484231408,1.0004216948966
"phylo.143",1.00002055429734,1.0001174808541
"phylo.475",1.00002295437988,1.00003283957503
"phylo.342",1.00000433543879,1.00002809822531
"phylo.471",1.00001033328094,1.00001163157886
"phylo.264",0.999987454458625,0.999993757710362
"phylo.517",1.00000374801821,1.00008273188054
"phylo.507",0.999989794366137,0.999990948396418
"phylo.132",0.999984603461161,0.999986039752864
"phylo.39",0.999990562716997,1.00000346817809
"phylo.286",1.00000571552285,1.00005279005037
"phylo.524",1.00003028158844,1.00011707492348
"phylo.533",1.00003886339797,1.00014310496711
"phylo.333",0.999990625480758,0.999998921687097
"phylo.410",1.00003056684341,1.00005144049698
"phylo.446",0.999992601782003,1.00000517670834
"phylo.344",1.00000597333655,1.00006272382681
"phylo.406",0.999992901982166,1.00001449129295
"phylo.22",0.99998162212259,0.999982026078168
"phylo.430",1.00000956420908,1.00010513516809
"phylo.288",1.00000228225112,1.00007423683696
"phylo.511",1.00008199953876,1.00018432212148
"phylo.429",1.00000210675322,1.00001316018341
"phylo.277",1.00003367383281,1.00012621631807
"phylo.322",1.00003507000781,1.00022656961522
"phylo.262",1.00004756589786,1.00027505125261
"phylo.387",1.0000089136736,1.00010993730005
"phylo.58",0.999995438447658,1.00003881769266
"phylo.388",1.00004369488671,1.00012833486647
"phylo.158",1.00000016787644,1.00006275503666
"phylo.12",1.00001365390182,1.00002190517498
"phylo.276",0.999985591280849,1.00000760186576
"phylo.412",0.999986019931198,1.00000276533657
"phylo.411",0.999981327557597,0.999985074378423
"phylo.365",1.00003100351021,1.00003137028487
"phylo.82",1.00001687898107,1.00002458967806
"phylo.92",0.999989184080959,0.999993372186958
"phylo.370",1.00000753357144,1.00001243024832
"phylo.137",0.999997086620336,1.00001678243043
"phylo.267",1.00007410767921,1.00031077531493
"phylo.421",1.00002391676804,1.00002583017134
"phylo.237",0.999991149537389,1.00003263298523
"phylo.200",0.999988131088234,1.00001162234009
"phylo.536",0.999992045609506,1.00000806776769
"phylo.260",1.0000159597937,1.00014472507159
"phylo.537",1.00003680030319,1.0002408269019
"phylo.477",1.00003842726622,1.0002438750545
"phylo.518",1.0000367572788,1.0002338003324
"phylo.55",1.00003489069326,1.00019187440397
"phylo.358",1.0001198693277,1.00058555468776
"phylo.197",1.00001216549603,1.00008863649712
"phylo.493",1.00004229432216,1.00029280152488
"phylo.41",1.00002496697333,1.00015661250027
"phylo.40",1.00001863354397,1.00016791171326
"phylo.408",0.999985467538991,0.999987249592382
"phylo.292",0.999984766042129,0.999988331297596
"phylo.248",0.999980905280795,0.999981486096135
"phylo.1",0.999992805656957,0.999996217058551
"phylo.214",1.00006287350094,1.00024695980195
"phylo.480",1.00006327845216,1.00018258157664
"phylo.423",1.0000402251052,1.00015093030849
"phylo.247",1.000045717872,1.00017898043104
"phylo.268",1.00002925692578,1.00003483007697
"phylo.353",1.00002201873808,1.0000254515895
"phylo.211",1.00005470482843,1.0000710173134
"phylo.265",1.00004035295393,1.00007760941787
"phylo.139",1.0000821903682,1.00015666036746
"phylo.198",1.00004726450121,1.00026458546254
"phylo.396",1.00007903170386,1.00032012890995
"phylo.263",0.999981126420548,0.999981159234835
"phylo.95",1.00001866714612,1.00011921618058
"phylo.162",1.00000192519773,1.00004412730469
"phylo.515",1.00001045113807,1.00013295845616
"phylo.282",0.999990284316778,1.00001261538107
"phylo.427",0.999993094661829,1.00000029699794
"phylo.240",0.999988170478712,1.00000859601081
"phylo.166",1.00002775913753,1.0000322627033
"phylo.182",0.999992735532518,1.00004324365876
"phylo.532",0.999983881970934,0.999999426986674
"phylo.273",1.00002237956425,1.00015019619292
"phylo.119",1.00004445699651,1.00006413050563
"phylo.355",1.0000184139307,1.00007682789755
"phylo.241",0.999986702133766,1.00000564832295
"phylo.203",1.00002713715986,1.00021670208106
"phylo.121",1.00005426033111,1.00007196343081
"phylo.305",0.999988102690329,1.00001552559166
"phylo.534",1.00002488152677,1.00019812704334
"phylo.167",0.999986461682683,1.00000986415467
"phylo.336",1.00003403784283,1.00023423270339
"phylo.188",1.00004698758844,1.00023000227514
"phylo.274",1.00006307241529,1.00008795804381
"phylo.281",1.00010923473432,1.00013365517009
"phylo.89",1.00002099238303,1.00016029313021
"phylo.531",1.00007013402653,1.00007352101666
"phylo.164",0.999993622007977,1.00003725574906
"phylo.382",1.000011831511,1.00007549379587
"phylo.192",0.999993155773224,1.00001221952773
"phylo.301",1.00001403229409,1.00006663116203
"phylo.506",0.999992732033656,1.00003666172586
"phylo.334",1.00001794172748,1.00005510354522
"phylo.469",1.00004729370415,1.00005351838677
"phylo.2",0.999985760293925,0.999994723449545
"phylo.470",1.00007013647564,1.00007747445941
"phylo.351",1.00016632457342,1.00042349474775
"phylo.31",1.00008462922759,1.0002931687285
"phylo.159",1.00018444786266,1.00047510614992
"phylo.187",1.0000555464277,1.00006199106633
"phylo.488",1.00010166288966,1.00017487778505
"phylo.486",1.00009814997333,1.00018889521617
"phylo.225",1.00011574381079,1.0002396639055
"phylo.32",1.0000658858571,1.00006638255989
"phylo.541",1.00002825663767,1.00016963310081
"phylo.380",1.00018548958848,1.00018962006545
"phylo.462",1.00017688764151,1.00018312444217
"phylo.451",1.00016456510359,1.00017528070174
"phylo.403",1.00004426492956,1.00027231537254
"phylo.115",1.00005141803504,1.0002635574641
"phylo.250",1.00014688310333,1.00063148234621
"phylo.93",1.0000399119567,1.0002590443297
"phylo.230",1.00005787420575,1.00036410761912
"phylo.457",1.00007461033573,1.00025989341585
"phylo.313",1.00004184157419,1.00027949195486
"phylo.331",1.00003334135126,1.0000385158515
"phylo.176",1.00000425849225,1.00006162876709
"phylo.75",1.00005968461693,1.00014605344064
"phylo.296",1.00002907557771,1.00019616335909
"phylo.205",1.00015795337784,1.00058348583847
"phylo.256",1.00018843437995,1.00093697850027
"phylo.487",1.00007195563021,1.00038321985635
"phylo.347",1.00016603287226,1.0006314149793
"phylo.442",1.0000896541178,1.00049675635663
"phylo.495",1.00009498430827,1.00051860445552
"phylo.116",1.00006975768615,1.00037822744539
"phylo.233",1.00017295413297,1.00072331373477
"phylo.539",1.00007757805225,1.00046500159777
"phylo.83",1.00005655056126,1.00026671628816
"phylo.444",1.00043129281289,1.00177177312673
"phylo.508",1.00003189428922,1.00024017774878
"phylo.33",0.999993075058863,1.00003773789873
"phylo.142",1.0001166999749,1.00029639051703
"phylo.311",1.00006910653613,1.00040577140082
"phylo.386",1.00004756518262,1.00023309622398
"phylo.135",1.00000006860642,1.00008060967154
"phylo.19",1.00013810249781,1.00058708881068
"phylo.59",1.00000271291096,1.00009322825729
"phylo.287",1.00000134954913,1.00008474168005
"phylo.375",1.00011078073631,1.00016528620748
"phylo.490",1.00009971302097,1.00015880714407
"phylo.448",1.00008527666955,1.00014871491546
"phylo.10",1.0001118661003,1.00023956321734
"phylo.399",1.00011835373261,1.00019808635129
"phylo.466",1.00018868615798,1.00029721599124
"phylo.310",1.00015933475459,1.00041206127734
"phylo.543",1.00015800537055,1.00031471868088
"phylo.504",1.0001845883436,1.0003158139339
"phylo.174",1.00013395137133,1.00021617147667
"phylo.499",1.00013575159191,1.00015804764949
"phylo.126",1.0001031422847,1.00017762094299
"phylo.413",1.00008075475586,1.00015513728188
"phylo.125",1.00004951339053,1.00007496137118
"phylo.201",1.00010751897341,1.00011118074529
"phylo.513",0.999982669766932,0.999987004627048
"phylo.69",0.999981633187526,0.999985522110145
"phylo.340",0.999985848714675,0.999990472094374
"phylo.179",0.999981976719788,0.999985557985789
"phylo.25",0.999984453884426,0.999988490732929
"phylo.436",1.00000376894002,1.00001164075314
"phylo.546",1.0001097340246,1.00011116438281
"phylo.279",1.00000211880242,1.00000600252425
"phylo.485",1.0000284464295,1.00005733363131
"phylo.38",1.00002079082909,1.00003679717398
"phylo.422",1.00002767246305,1.00016361645665
"phylo.229",1.00000886903095,1.00000888019416
"phylo.35",0.999981709809023,0.999985172051829
"phylo.131",1.00002055152603,1.00017601228845
"phylo.71",1.00011052817841,1.00055617979199
"phylo.6",1.00003602074444,1.0002605504853
"phylo.401",1.00024541391602,1.00035158685155
"phylo.222",1.00001613308964,1.00008421283555
"phylo.243",1.00010517393533,1.00053179698761
"phylo.42",0.999982798602044,0.999993525361309
"phylo.63",1.00003622618023,1.0000869275408
"phylo.18",0.999998106048529,1.00001236439887
"phylo.123",1.0000019837077,1.00003644713467
"phylo.140",1.00006810386668,1.00034667331351
"phylo.502",1.000063560199,1.00028272099114
"phylo.503",1.00009798735468,1.00033768162072
"phylo.341",1.00001574001123,1.00001872365029
"phylo.238",1.00001044309536,1.00004656587685
"phylo.478",1.00006310349452,1.00033866028069
"phylo.443",1.00003369465108,1.00017174589224
"phylo.44",1.00014631572796,1.00061367046537
"phylo.544",1.00001155416497,1.00012729641101
"phylo.204",1.00002377167828,1.00018949613612
"phylo.510",1.00002852730453,1.00016116415889
"phylo.314",1.00002354339452,1.00017188845581
"phylo.124",1.00001970385672,1.00010049116027
"phylo.64",1.00011341352801,1.00064801750615
"phylo.219",1.0000473901625,1.00020337360613
"phylo.178",1.00013314003575,1.00052469278666
"phylo.345",1.00004839044253,1.00031346555333
"phylo.479",1.0000110695279,1.00001147555817
"phylo.307",1.00001152519068,1.00011645572875
"phylo.275",1.00005719712349,1.00029606684681
"phylo.540",1.00001880644813,1.00006625193327
"phylo.23",1.00009730150629,1.00023316598144
"phylo.73",1.0000827997802,1.00021592456605
"phylo.530",1.00002152169512,1.0000488499008
"phylo.244",1.00001389077161,1.00005036834342
"phylo.191",1.00005227789074,1.00016869734063
"phylo.474",1.0000022655544,1.00009156391776
"phylo.460",1.00012930607854,1.00045163023958
"phylo.528",0.999987027002345,0.999996468332312
"phylo.295",1.00003980370422,1.0002232346741
"phylo.459",1.00001966717377,1.00017839008341
"phylo.463",0.999997640554649,1.00002026210721
"phylo.79",1.00008528318663,1.00040299024768
"phylo.481",1.00000433452297,1.0000721081923
"phylo.190",1.00000406119418,1.00007027144694
"phylo.461",1.00001175268315,1.00002119926592
"phylo.535",1.00000897888819,1.00002544758036
"phylo.223",1.00008079387594,1.00012627779805
"phylo.29",1.00014741942251,1.0001724068056
"phylo.65",1.00011264559323,1.00053773891421
"phylo.283",1.00000881302003,1.00011704504253
"phylo.425",1.00007869865154,1.00042489583276
"phylo.107",1.00002095599934,1.00006456802149
"phylo.294",1.00013694294537,1.00033171187723
"phylo.122",1.00016995802991,1.00083692026985
"phylo.105",0.999985300815749,0.999992043427367
"phylo.138",1.00002338323641,1.00011703839087
"phylo.440",1.0002654457512,1.00052869752168
"isolate.id.OXEC-1",1.00005746389759,1.00006582712927
"isolate.id.OXEC-10",0.999992341085617,1.00000167561912
"isolate.id.OXEC-103",1.0001142310866,1.0006461574277
"isolate.id.OXEC-105",0.999992429708683,1.0000194505022
"isolate.id.OXEC-107",0.999983925749104,0.999999239539695
"isolate.id.OXEC-115",0.999999333741292,1.00000392022315
"isolate.id.OXEC-116",1.00011803695444,1.00032832110306
"isolate.id.OXEC-117",1.00000314945248,1.00002020015454
"isolate.id.OXEC-119",0.999982982565078,0.999983719896859
"isolate.id.OXEC-12",1.00002579761462,1.00010980915069
"isolate.id.OXEC-120",1.00004634577526,1.00031235592615
"isolate.id.OXEC-121",1.0000217498856,1.00006780634034
"isolate.id.OXEC-122",0.999999840762115,1.00001531577923
"isolate.id.OXEC-123",1.00002193448147,1.00009747220359
"isolate.id.OXEC-124",1.00004443386622,1.00018709637055
"isolate.id.OXEC-125",0.999983229477617,0.999995086193859
"isolate.id.OXEC-126",1.00000938726707,1.00010442363243
"isolate.id.OXEC-127",0.999993981738809,1.00003640896769
"isolate.id.OXEC-128",0.999991381368816,1.00003497739033
"isolate.id.OXEC-129",1.00044207825258,1.0022638362867
"isolate.id.OXEC-131",0.999982637044278,0.999992651520406
"isolate.id.OXEC-132",1.00011683744917,1.00066485924233
"isolate.id.OXEC-133",0.999988235770772,1.00000690241011
"isolate.id.OXEC-135",1.00003081900331,1.00013372952638
"isolate.id.OXEC-136",1.00032391882089,1.00167818991218
"isolate.id.OXEC-137",1.00000735211282,1.00000738458808
"isolate.id.OXEC-138",0.999982931299636,0.999993224573352
"isolate.id.OXEC-139",0.999981904772055,0.999989121387198
"isolate.id.OXEC-140",0.999993545146074,1.00004700316817
"isolate.id.OXEC-142",0.999982595359083,0.999983415493574
"isolate.id.OXEC-143",1.00011884202061,1.00066961119135
"isolate.id.OXEC-144",0.999996610211478,1.0000619540441
"isolate.id.OXEC-145",0.999989609315119,1.00000984721022
"isolate.id.OXEC-148",0.999988140933307,0.999989042097662
"isolate.id.OXEC-149",1.00011096309641,1.00063625829436
"isolate.id.OXEC-151",0.99999854180223,1.00000875953198
"isolate.id.OXEC-155",0.99998873901226,1.00002374213193
"isolate.id.OXEC-156",1.00004607814913,1.00031155178678
"isolate.id.OXEC-158",1.00005922051394,1.00011132429152
"isolate.id.OXEC-159",1.00000949533523,1.00010623995478
"isolate.id.OXEC-162",0.999983264034504,0.999989426550642
"isolate.id.OXEC-164",1.00022452116164,1.00104680762893
"isolate.id.OXEC-166",1.00001347854237,1.00014275006818
"isolate.id.OXEC-167",1.00004620003838,1.00010036430031
"isolate.id.OXEC-174",1.00004216091072,1.00020814160925
"isolate.id.OXEC-176",1.00010430674552,1.00049855632671
"isolate.id.OXEC-178",1.00000279128234,1.00000460656887
"isolate.id.OXEC-179",0.999994543812467,1.00001330055741
"isolate.id.OXEC-18",1.00003205996242,1.00010389235623
"isolate.id.OXEC-182",0.999995477854082,0.999998595915702
"isolate.id.OXEC-183",1.00001034505851,1.00004093684987
"isolate.id.OXEC-187",1.00005175571979,1.00026619257509
"isolate.id.OXEC-188",1.00005801952518,1.00021161633483
"isolate.id.OXEC-189",1.00001952809278,1.00002676258865
"isolate.id.OXEC-19",1.00000802988998,1.0001199330493
"isolate.id.OXEC-190",0.99999068409885,1.00002600769363
"isolate.id.OXEC-191",0.999980743419419,0.999980813711487
"isolate.id.OXEC-192",1.00011466805894,1.00056545952052
"isolate.id.OXEC-194",1.00003161294559,1.00020246136162
"isolate.id.OXEC-197",1.00000676913494,1.00005576877642
"isolate.id.OXEC-198",1.00004582958593,1.00026940978834
"isolate.id.OXEC-2",1.00002853991029,1.00011735236032
"isolate.id.OXEC-200",1.00001629781477,1.0001248998441
"isolate.id.OXEC-201",1.0001777491451,1.00048071664897
"isolate.id.OXEC-202",1.00006920156468,1.00017933699674
"isolate.id.OXEC-203",0.999996896403678,1.0000240716635
"isolate.id.OXEC-204",0.999987564802011,0.999995126747068
"isolate.id.OXEC-205",1.00000167105874,1.00008885432968
"isolate.id.OXEC-208",1.00002475504126,1.00002746050645
"isolate.id.OXEC-21",1.0000056341212,1.0000056907749
"isolate.id.OXEC-211",0.999982779024514,0.999989021935112
"isolate.id.OXEC-213",1.00000674676269,1.00001898897253
"isolate.id.OXEC-214",1.00008246275183,1.00008423318556
"isolate.id.OXEC-216",0.99998619790703,1.00000375501345
"isolate.id.OXEC-219",1.00001857125937,1.00014036697145
"isolate.id.OXEC-22",1.00000840130386,1.00006316488215
"isolate.id.OXEC-220",1.00008237433159,1.00010946343816
"isolate.id.OXEC-222",1.00002826725453,1.00021105324423
"isolate.id.OXEC-223",0.99999412597119,0.99999874181259
"isolate.id.OXEC-224",1.00000435258411,1.00003353830284
"isolate.id.OXEC-225",0.999994733055184,1.00005318638407
"isolate.id.OXEC-229",0.999983793895998,0.999989340129231
"isolate.id.OXEC-23",0.999985778130017,1.00000553377377
"isolate.id.OXEC-230",1.00006907926097,1.000417448227
"isolate.id.OXEC-233",1.0001336458633,1.00053041746613
"isolate.id.OXEC-236",1.00001380274051,1.00004462920116
"isolate.id.OXEC-237",1.00002251392019,1.00002985986338
"isolate.id.OXEC-238",1.00002368779751,1.00016760123179
"isolate.id.OXEC-240",1.00024156055228,1.00129114639074
"isolate.id.OXEC-241",1.00000754805653,1.0000435786329
"isolate.id.OXEC-242",0.999984606919378,0.999988835058166
"isolate.id.OXEC-243",1.00000190985925,1.00006657189215
"isolate.id.OXEC-244",1.00001419525722,1.00015096285617
"isolate.id.OXEC-246",1.00000351545344,1.00000384714831
"isolate.id.OXEC-247",0.999981010495035,0.999984971345602
"isolate.id.OXEC-248",1.00002679153518,1.00008681253056
"isolate.id.OXEC-25",1.00002170595766,1.00011142568406
"isolate.id.OXEC-250",1.00015572818991,1.00084902864737
"isolate.id.OXEC-252",1.00001715911843,1.00003777005511
"isolate.id.OXEC-256",1.00000687052839,1.00005175647408
"isolate.id.OXEC-257",1.00013877807971,1.00059510283159
"isolate.id.OXEC-260",1.00000838057471,1.00001072238934
"isolate.id.OXEC-262",1.00002564694984,1.00010488405105
"isolate.id.OXEC-263",0.999994857577066,1.00000202356685
"isolate.id.OXEC-264",1.00005161740253,1.00009519857129
"isolate.id.OXEC-265",0.99999906930703,1.00003884056925
"isolate.id.OXEC-266",1.00000879886487,1.00002888153436
"isolate.id.OXEC-267",0.999993412922887,1.00004737707207
"isolate.id.OXEC-268",1.00011600691073,1.0006531909786
"isolate.id.OXEC-272",0.999993269426676,0.999996407903999
"isolate.id.OXEC-273",1.00002327982667,1.00004262021942
"isolate.id.OXEC-274",1.00000585313732,1.00010755082051
"isolate.id.OXEC-275",1.00008607380429,1.00027779581506
"isolate.id.OXEC-276",0.999986186746503,0.999987518887979
"isolate.id.OXEC-277",0.999987079038555,0.999990180443037
"isolate.id.OXEC-279",1.00001410509991,1.0000299592778
"isolate.id.OXEC-281",1.00008906429078,1.0005044379236
"isolate.id.OXEC-282",0.999985872660572,1.00000505370182
"isolate.id.OXEC-283",0.999990408444912,1.00001033483176
"isolate.id.OXEC-284",1.00008932596115,1.00047272333813
"isolate.id.OXEC-285",1.00007976058563,1.00017800196772
"isolate.id.OXEC-286",0.999987716955651,0.999988255406352
"isolate.id.OXEC-287",1.00000448181603,1.00009466202253
"isolate.id.OXEC-288",0.99998133889594,0.999985585922098
"isolate.id.OXEC-29",1.00001403042161,1.00006826293649
"isolate.id.OXEC-292",1.00003050637131,1.00023116161437
"isolate.id.OXEC-294",0.999997535528289,1.00001371551127
"isolate.id.OXEC-295",0.999984566738118,0.999995836012363
"isolate.id.OXEC-296",1.0000187036719,1.00002090574672
"isolate.id.OXEC-299",1.0000470797024,1.00026226562134
"isolate.id.OXEC-30",0.99998413818494,0.999997108235779
"isolate.id.OXEC-301",0.999997121712873,1.00006403503161
"isolate.id.OXEC-305",1.00011549589087,1.00065209994971
"isolate.id.OXEC-307",1.00000203992391,1.00003224937972
"isolate.id.OXEC-31",0.999980740025733,0.999981315573017
"isolate.id.OXEC-310",0.99999359728418,1.00004187318177
"isolate.id.OXEC-311",1.00016014522323,1.00048728319816
"isolate.id.OXEC-313",1.00000101235518,1.00000121767438
"isolate.id.OXEC-314",1.0000078324837,1.00011483876979
"isolate.id.OXEC-316",0.999985401526866,0.999988707587092
"isolate.id.OXEC-317",1.00008386526274,1.00008910251456
"isolate.id.OXEC-32",1.00004776611243,1.0003064593439
"isolate.id.OXEC-322",1.00001130947259,1.00007126992899
"isolate.id.OXEC-324",1.00006299082978,1.00038425057
"isolate.id.OXEC-328",0.999989384852467,1.00002697423334
"isolate.id.OXEC-329",1.00023060945585,1.00072069099448
"isolate.id.OXEC-33",0.999996813362361,1.00005330385587
"isolate.id.OXEC-331",0.999995078826481,0.999997804555978
"isolate.id.OXEC-333",0.999996711308825,1.00005115071752
"isolate.id.OXEC-334",1.00002663755995,1.00007315068803
"isolate.id.OXEC-336",1.00016430977644,1.00089365471784
"isolate.id.OXEC-339",1.00002927380504,1.00010745159554
"isolate.id.OXEC-340",1.00002881803481,1.00003989572963
"isolate.id.OXEC-341",1.00005547276129,1.00035901385748
"isolate.id.OXEC-342",1.0000462917992,1.0000554852722
"isolate.id.OXEC-344",1.00000193004201,1.00008509772307
"isolate.id.OXEC-345",1.00014060282411,1.00077740452442
"isolate.id.OXEC-347",1.00001047047716,1.00011565653432
"isolate.id.OXEC-35",1.0000274466807,1.00012077005996
"isolate.id.OXEC-351",0.999995553067233,1.00003136014554
"isolate.id.OXEC-353",1.00001498356612,1.00009078723519
"isolate.id.OXEC-355",1.00017351129105,1.0009485667046
"isolate.id.OXEC-358",0.999984703194086,0.999988022878625
"isolate.id.OXEC-363",0.999983921212952,0.999990438720377
"isolate.id.OXEC-365",0.999998214926754,1.0000076910283
"isolate.id.OXEC-366",0.999999886944368,1.00005225374253
"isolate.id.OXEC-37",0.999986371663744,0.999987489628471
"isolate.id.OXEC-370",0.99998714572855,1.00000824028203
"isolate.id.OXEC-371",1.00006740624211,1.00009791037906
"isolate.id.OXEC-375",1.00002711219439,1.00020495448641
"isolate.id.OXEC-38",1.00003216745293,1.00003411493399
"isolate.id.OXEC-380",1.00007093594157,1.0003214172683
"isolate.id.OXEC-382",0.999986206651855,0.999997082894578
"isolate.id.OXEC-386",0.999995623252314,1.00003688258221
"isolate.id.OXEC-387",0.999983930862198,0.999983986587696
"isolate.id.OXEC-388",0.999983711283554,0.999983721199872
"isolate.id.OXEC-39",1.00007269498453,1.00040521322105
"isolate.id.OXEC-393",1.00000983290448,1.00012967099522
"isolate.id.OXEC-394",1.00007560959549,1.00045702799661
"isolate.id.OXEC-396",0.999994517349367,1.00001343584775
"isolate.id.OXEC-398",1.000015026315,1.00013644580921
"isolate.id.OXEC-399",0.9999841188267,1.0000004838434
"isolate.id.OXEC-40",1.00001694087919,1.00015935839964
"isolate.id.OXEC-400",0.999996019564679,1.00000088825902
"isolate.id.OXEC-401",1.00004958255293,1.00015931421884
"isolate.id.OXEC-403",1.00011387112805,1.00065139012026
"isolate.id.OXEC-404",0.999988019204305,0.999988024548719
"isolate.id.OXEC-406",1.00005495325215,1.00015449229934
"isolate.id.OXEC-408",0.999993093071301,1.00002938453707
"isolate.id.OXEC-41",1.00005311487984,1.00009803921292
"isolate.id.OXEC-410",1.00010619986115,1.00036785184427
"isolate.id.OXEC-411",1.0000013236881,1.00000461720269
"isolate.id.OXEC-412",1.00001021411278,1.00009510763888
"isolate.id.OXEC-413",0.999981350903883,0.999982464890851
"isolate.id.OXEC-414",1.00008190207653,1.00045160705551
"isolate.id.OXEC-415",0.999990294228384,1.00001933671944
"isolate.id.OXEC-416",0.999995750799732,1.00004225469432
"isolate.id.OXEC-42",1.00003065472016,1.00011492312927
"isolate.id.OXEC-420",1.00003773093118,1.00022407426318
"isolate.id.OXEC-421",0.999982948592011,0.999983567942036
"isolate.id.OXEC-422",0.999984382625697,0.999985700372327
"isolate.id.OXEC-423",1.00001253101267,1.00010104317887
"isolate.id.OXEC-424",1.00002778656408,1.00017966199813
"isolate.id.OXEC-425",1.00006787409256,1.0003687687726
"isolate.id.OXEC-426",1.00007940786399,1.00012865878933
"isolate.id.OXEC-427",1.00000457325436,1.00004160085166
"isolate.id.OXEC-429",1.00000792572181,1.00010030516195
"isolate.id.OXEC-430",1.00004900900765,1.00023084860664
"isolate.id.OXEC-434",1.00005194556227,1.00033887208316
"isolate.id.OXEC-435",0.999996044643823,1.00000868720964
"isolate.id.OXEC-436",0.999981042672566,0.999981203177484
"isolate.id.OXEC-438",1.00007658258881,1.00013748235494
"isolate.id.OXEC-439",0.999982025154058,0.99998555589967
"isolate.id.OXEC-44",1.00006788290434,1.00041410358791
"isolate.id.OXEC-440",1.00000944342887,1.00012782417278
"isolate.id.OXEC-442",1.00002101214151,1.00017332729717
"isolate.id.OXEC-443",1.00005137014535,1.00027155322229
"isolate.id.OXEC-444",1.00007664044053,1.00019014943959
"isolate.id.OXEC-445",1.00001025082507,1.00011445516573
"isolate.id.OXEC-446",0.999982716615749,0.999989681766065
"isolate.id.OXEC-447",0.999983038745302,0.999994972596953
"isolate.id.OXEC-448",0.999993396002069,1.00003322778819
"isolate.id.OXEC-449",1.00008297767549,1.00021658031082
"isolate.id.OXEC-451",1.00011126656524,1.00033927319366
"isolate.id.OXEC-454",1.00001074069177,1.00013243507867
"isolate.id.OXEC-457",1.00001818442749,1.00002985335796
"isolate.id.OXEC-459",0.99999010202577,0.999991075090194
"isolate.id.OXEC-460",1.00016729592091,1.00087482125937
"isolate.id.OXEC-461",1.00003651766928,1.00011284676443
"isolate.id.OXEC-462",1.00006529896865,1.00009695789348
"isolate.id.OXEC-463",0.999987983492598,0.99999408908548
"isolate.id.OXEC-464",1.00006814039813,1.00013655229702
"isolate.id.OXEC-466",1.00007075757504,1.00043506438965
"isolate.id.OXEC-468",1.00000484977137,1.00010420228458
"isolate.id.OXEC-469",1.00003813678917,1.00007080404612
"isolate.id.OXEC-470",0.999983386976832,0.999984441995061
"isolate.id.OXEC-471",0.999984918014771,0.999992755539081
"isolate.id.OXEC-474",1.00004012434832,1.00006034433818
"isolate.id.OXEC-475",0.999984525500726,1.00000110910066
"isolate.id.OXEC-476",0.999981135728226,0.99998301196065
"isolate.id.OXEC-477",1.00001109080039,1.00002691885935
"isolate.id.OXEC-478",0.999994410073652,1.00002468709582
"isolate.id.OXEC-479",0.999987559122443,1.00001084278393
"isolate.id.OXEC-480",0.999994989864148,1.00001382675975
"isolate.id.OXEC-481",1.00010707108597,1.00059560841763
"isolate.id.OXEC-485",1.00000606217598,1.0000683676637
"isolate.id.OXEC-486",0.999991884173575,1.00003968153076
"isolate.id.OXEC-487",1.00003512024847,1.00014239746678
"isolate.id.OXEC-488",1.00001256511826,1.00012161151111
"isolate.id.OXEC-489",1.00005599411418,1.00011815483765
"isolate.id.OXEC-490",1.00002557678073,1.00002606055511
"isolate.id.OXEC-493",1.00013795876855,1.00076590704303
"isolate.id.OXEC-495",1.00008843620984,1.00027025120819
"isolate.id.OXEC-499",1.0000100964975,1.00012890220575
"isolate.id.OXEC-502",0.999986994553949,1.00001511611919
"isolate.id.OXEC-503",1.000003867254,1.00009899454411
"isolate.id.OXEC-504",0.999991469206817,1.00002972233468
"isolate.id.OXEC-506",0.999983819542264,0.99999268883676
"isolate.id.OXEC-507",0.999989493017538,1.00000101785307
"isolate.id.OXEC-508",1.00000968503602,1.00006031960308
"isolate.id.OXEC-510",0.999990580934565,1.00002290436722
"isolate.id.OXEC-511",0.999983489285914,0.999983489304648
"isolate.id.OXEC-512",1.00002798089722,1.00003647269809
"isolate.id.OXEC-513",0.999993270936741,1.00003785771355
"isolate.id.OXEC-515",1.00007598880296,1.00014588730755
"isolate.id.OXEC-517",1.00002960418675,1.00002995379873
"isolate.id.OXEC-518",1.00003152279537,1.00009636598529
"isolate.id.OXEC-524",1.000143634625,1.00015193461186
"isolate.id.OXEC-528",1.00006934505716,1.00012625782674
"isolate.id.OXEC-530",0.999982546199204,0.999989357460544
"isolate.id.OXEC-531",1.00002319884557,1.00017393138191
"isolate.id.OXEC-532",1.00006598401287,1.00039912680548
"isolate.id.OXEC-533",1.0000118218218,1.0001365998411
"isolate.id.OXEC-534",0.999981054179836,0.999985194200418
"isolate.id.OXEC-535",1.00000422428267,1.00009325285206
"isolate.id.OXEC-536",0.999994704190516,0.999997264723579
"isolate.id.OXEC-537",1.0000234019033,1.00005330951008
"isolate.id.OXEC-539",0.999985047687692,1.0000014414849
"isolate.id.OXEC-54",1.00001290386856,1.00001698605
"isolate.id.OXEC-540",1.00003259236266,1.00007778276737
"isolate.id.OXEC-541",1.00002373435118,1.00014930172769
"isolate.id.OXEC-542",1.0000240420465,1.00004884529964
"isolate.id.OXEC-543",1.00008149040791,1.00010057290912
"isolate.id.OXEC-544",1.00002213602357,1.00011468323724
"isolate.id.OXEC-546",1.00000931333755,1.00007879378004
"isolate.id.OXEC-55",1.00008534464915,1.00014447111521
"isolate.id.OXEC-56",1.00015218949972,1.00082720533544
"isolate.id.OXEC-58",0.999986207807461,1.00001102899116
"isolate.id.OXEC-59",1.00018367238249,1.00100067313664
"isolate.id.OXEC-6",1.00006167971165,1.00009207160961
"isolate.id.OXEC-61",1.00005994087625,1.0000640870391
"isolate.id.OXEC-63",1.00000833295785,1.00010450610328
"isolate.id.OXEC-64",0.999989105664709,1.00001814070357
"isolate.id.OXEC-65",1.0000956924064,1.00054585538137
"isolate.id.OXEC-69",1.00003801177821,1.00010782726823
"isolate.id.OXEC-71",1.0000523479612,1.00024441356889
"isolate.id.OXEC-72",1.00002930155194,1.0002274321376
"isolate.id.OXEC-73",1.00005763442684,1.00031077197011
"isolate.id.OXEC-75",0.999994071704546,1.00000780148662
"isolate.id.OXEC-79",1.00001574342366,1.00011216378588
"isolate.id.OXEC-8",0.999987092763961,1.00001562819719
"isolate.id.OXEC-80",1.00006746547975,1.00033299161979
"isolate.id.OXEC-82",0.99998269823988,0.999991674078248
"isolate.id.OXEC-83",1.00004107923461,1.00023980799152
"isolate.id.OXEC-89",1.0000260240593,1.00020980098519
"isolate.id.OXEC-90",0.999985749240783,0.999988026577697
"isolate.id.OXEC-92",1.00001534664982,1.00002943080357
"isolate.id.OXEC-93",1.00000041294889,1.00000176828122
"isolate.id.OXEC-95",0.999997630791961,1.00005260213225
"isolate.id.OXEC-97",1.00000864670568,1.00002369072259
"isolate.id.OXEC-99",1.00005496501556,1.00021536328757
"at.level(trait, ""mic"").phylo.542",1.00003174503003,1.00023734331933
"at.level(trait, ""mic"").phylo.416",0.999983558126366,0.999985218032431
"at.level(trait, ""mic"").phylo.56",0.999980073627295,0.999980208404327
"at.level(trait, ""mic"").phylo.213",0.999981473462594,0.999986466859036
"at.level(trait, ""mic"").phylo.54",0.999983434864705,0.999983969378109
"at.level(trait, ""mic"").phylo.435",0.999987702548218,0.999990120164069
"at.level(trait, ""mic"").phylo.90",0.999987916805154,0.999989244574702
"at.level(trait, ""mic"").phylo.393",0.999980010443931,0.999980037443446
"at.level(trait, ""mic"").phylo.72",0.999984326250501,0.999993453233317
"at.level(trait, ""mic"").phylo.489",0.999984231251667,1.00000031173224
"at.level(trait, ""mic"").phylo.189",0.999988377331786,1.00002081268507
"at.level(trait, ""mic"").phylo.434",1.00013880051166,1.00077602425878
"at.level(trait, ""mic"").phylo.194",1.00015996784898,1.00087400980429
"at.level(trait, ""mic"").phylo.371",1.00014986019918,1.00083177298785
"at.level(trait, ""mic"").phylo.127",1.00013650332498,1.00075496825209
"at.level(trait, ""mic"").phylo.99",1.00003352837672,1.00021794213551
"at.level(trait, ""mic"").phylo.129",1.00010181346597,1.00055734881514
"at.level(trait, ""mic"").phylo.8",0.999993681418133,1.00004190494656
"at.level(trait, ""mic"").phylo.414",1.00006075181482,1.0002681891791
"at.level(trait, ""mic"").phylo.454",1.00021655627784,1.00096139959292
"at.level(trait, ""mic"").phylo.120",1.00012386071634,1.00068021658267
"at.level(trait, ""mic"").phylo.145",1.00000005498665,1.00005564426601
"at.level(trait, ""mic"").phylo.426",1.00003916973124,1.00025450784369
"at.level(trait, ""mic"").phylo.394",1.00008107472358,1.00047153670089
"at.level(trait, ""mic"").phylo.183",1.00005557129734,1.0003590803742
"at.level(trait, ""mic"").phylo.30",1.00007278443052,1.0003703415115
"at.level(trait, ""mic"").phylo.151",1.00000210717361,1.00004703134341
"at.level(trait, ""mic"").phylo.148",1.00002069788249,1.00008404570318
"at.level(trait, ""mic"").phylo.236",1.00002382531211,1.0001158702701
"at.level(trait, ""mic"").phylo.220",1.00000927814878,1.00004597128386
"at.level(trait, ""mic"").phylo.117",1.000007098969,1.00002233340931
"at.level(trait, ""mic"").phylo.272",1.00003550027888,1.00014155172841
"at.level(trait, ""mic"").phylo.400",1.00001018013082,1.0001315659026
"at.level(trait, ""mic"").phylo.328",1.00001409513276,1.00015121081754
"at.level(trait, ""mic"").phylo.415",1.00006278533889,1.00027647281195
"at.level(trait, ""mic"").phylo.398",1.00005937814062,1.00023710654532
"at.level(trait, ""mic"").phylo.252",0.999985630984175,0.999991395588251
"at.level(trait, ""mic"").phylo.246",1.00009515276236,1.00054155877537
"at.level(trait, ""mic"").phylo.424",1.00007735316478,1.0004481579266
"at.level(trait, ""mic"").phylo.476",1.00003278137778,1.00022592911425
"at.level(trait, ""mic"").phylo.468",0.999998143297898,1.00001007009547
"at.level(trait, ""mic"").phylo.363",1.00005024653029,1.00007577870539
"at.level(trait, ""mic"").phylo.21",1.00000755710722,1.00006998545143
"at.level(trait, ""mic"").phylo.128",1.00002808778447,1.0000316136869
"at.level(trait, ""mic"").phylo.257",1.00001972727857,1.00008108188853
"at.level(trait, ""mic"").phylo.242",1.0000402654706,1.00026309888309
"at.level(trait, ""mic"").phylo.339",1.00023255540835,1.0011723464507
"at.level(trait, ""mic"").phylo.149",1.00015232764734,1.00084102469451
"at.level(trait, ""mic"").phylo.445",1.0000849532671,1.00048872280384
"at.level(trait, ""mic"").phylo.61",1.00006542122069,1.00040839319181
"at.level(trait, ""mic"").phylo.299",1.00005558169571,1.00035753803041
"at.level(trait, ""mic"").phylo.420",1.00005695766385,1.00030566275814
"at.level(trait, ""mic"").phylo.103",1.00002445153359,1.00020200486804
"at.level(trait, ""mic"").phylo.464",0.999990549780519,0.999993440759688
"at.level(trait, ""mic"").phylo.449",1.00001967069844,1.00003261590979
"at.level(trait, ""mic"").phylo.97",0.999993039411909,1.00004100417479
"at.level(trait, ""mic"").phylo.208",1.00009575305033,1.00051937983091
"at.level(trait, ""mic"").phylo.329",1.00005715014958,1.00013352877309
"at.level(trait, ""mic"").phylo.316",1.00003165754668,1.00008819140683
"at.level(trait, ""mic"").phylo.80",1.00006399037763,1.00040149206417
"at.level(trait, ""mic"").phylo.438",1.00013718701901,1.00062978999673
"at.level(trait, ""mic"").phylo.216",1.00006442522062,1.00038541983136
"at.level(trait, ""mic"").phylo.324",1.00010764074504,1.00062082667454
"at.level(trait, ""mic"").phylo.224",1.00003312965655,1.00005976655834
"at.level(trait, ""mic"").phylo.447",0.999992006249248,1.00003724830148
"at.level(trait, ""mic"").phylo.266",1.00000835075181,1.0000090246188
"at.level(trait, ""mic"").phylo.136",1.00003224178978,1.00016302315833
"at.level(trait, ""mic"").phylo.156",0.999984023119899,0.999994950556873
"at.level(trait, ""mic"").phylo.144",1.00000160180056,1.00003040413557
"at.level(trait, ""mic"").phylo.404",1.00001041020087,1.0000153655362
"at.level(trait, ""mic"").phylo.202",0.999983593782854,0.999991275276347
"at.level(trait, ""mic"").phylo.439",0.999983768475228,0.999985392950489
"at.level(trait, ""mic"").phylo.366",1.00003327704579,1.0000332946735
"at.level(trait, ""mic"").phylo.285",0.999991188714308,0.999991293794112
"at.level(trait, ""mic"").phylo.133",1.0000042690512,1.00000945960826
"at.level(trait, ""mic"").phylo.284",0.999997143540216,1.00005421791052
"at.level(trait, ""mic"").phylo.512",1.00004881752701,1.00028106567864
"at.level(trait, ""mic"").phylo.155",1.00001967828082,1.00002595629825
"at.level(trait, ""mic"").phylo.37",1.00001006620083,1.0000819535779
"at.level(trait, ""mic"").phylo.317",1.00008960015682,1.0005270844783
"at.level(trait, ""mic"").phylo.143",1.0000855462215,1.00035192909156
"at.level(trait, ""mic"").phylo.475",1.00005813304177,1.00033575839421
"at.level(trait, ""mic"").phylo.342",1.00012385857799,1.0006371831861
"at.level(trait, ""mic"").phylo.471",0.999987313333595,1.0000164081741
"at.level(trait, ""mic"").phylo.264",1.00001560315091,1.00003273590511
"at.level(trait, ""mic"").phylo.517",0.999993278058342,1.00004651831229
"at.level(trait, ""mic"").phylo.507",0.999980736067813,0.999981705978046
"at.level(trait, ""mic"").phylo.132",1.00008822804156,1.00033704104457
"at.level(trait, ""mic"").phylo.39",1.00007621079764,1.00045356694905
"at.level(trait, ""mic"").phylo.286",1.00000577862284,1.00008968789917
"at.level(trait, ""mic"").phylo.524",1.00002851434891,1.00021580011004
"at.level(trait, ""mic"").phylo.533",1.00002460565785,1.00018469225025
"at.level(trait, ""mic"").phylo.333",1.0000795797815,1.00048001119115
"at.level(trait, ""mic"").phylo.410",0.999993081402809,0.999995374559561
"at.level(trait, ""mic"").phylo.446",1.00001131938973,1.00012593269012
"at.level(trait, ""mic"").phylo.344",1.0000291275313,1.00022541827926
"at.level(trait, ""mic"").phylo.406",1.00002913012449,1.00007737263459
"at.level(trait, ""mic"").phylo.22",1.00007193188724,1.0004397740597
"at.level(trait, ""mic"").phylo.430",0.999985240646277,1.00000421265826
"at.level(trait, ""mic"").phylo.288",0.999994254550599,1.00004349873217
"at.level(trait, ""mic"").phylo.511",1.00003298759268,1.00003323950273
"at.level(trait, ""mic"").phylo.429",1.00002532361552,1.00011957907087
"at.level(trait, ""mic"").phylo.277",1.00001891358759,1.00002255518645
"at.level(trait, ""mic"").phylo.322",1.00001800412966,1.00005616261412
"at.level(trait, ""mic"").phylo.262",1.00002670644885,1.00014256217557
"at.level(trait, ""mic"").phylo.387",0.999994779672036,1.00004478375981
"at.level(trait, ""mic"").phylo.58",1.00004712312015,1.00030949383442
"at.level(trait, ""mic"").phylo.388",0.999985270174732,0.999996632960625
"at.level(trait, ""mic"").phylo.158",1.00000014960086,1.00007267749813
"at.level(trait, ""mic"").phylo.12",1.00001186726879,1.00013973965795
"at.level(trait, ""mic"").phylo.276",1.00004752932485,1.0000479329073
"at.level(trait, ""mic"").phylo.412",0.999994471707755,0.999996491751831
"at.level(trait, ""mic"").phylo.411",0.999985202982592,0.999985259139878
"at.level(trait, ""mic"").phylo.365",0.999991439951934,1.00001703763811
"at.level(trait, ""mic"").phylo.82",0.999989832611161,0.999992786716895
"at.level(trait, ""mic"").phylo.92",0.999986249075688,0.999996152135931
"at.level(trait, ""mic"").phylo.370",1.00007525648268,1.00035300387841
"at.level(trait, ""mic"").phylo.137",1.00006008360626,1.00017753740254
"at.level(trait, ""mic"").phylo.267",1.00004327106819,1.00011798472643
"at.level(trait, ""mic"").phylo.421",1.00002793382297,1.00004989943647
"at.level(trait, ""mic"").phylo.237",0.999985291204527,1.00000524667899
"at.level(trait, ""mic"").phylo.200",0.999984153361083,0.999999587812492
"at.level(trait, ""mic"").phylo.536",1.00005244799538,1.00012366526622
"at.level(trait, ""mic"").phylo.260",1.0000111562564,1.00002345065124
"at.level(trait, ""mic"").phylo.537",1.00011256437449,1.00064373298883
"at.level(trait, ""mic"").phylo.477",1.00011469277277,1.00065593062291
"at.level(trait, ""mic"").phylo.518",1.00011212681622,1.00063930423804
"at.level(trait, ""mic"").phylo.55",1.00002712987671,1.00021124307907
"at.level(trait, ""mic"").phylo.358",0.999997422940097,1.00004536841415
"at.level(trait, ""mic"").phylo.197",1.00005012258983,1.00029254897391
"at.level(trait, ""mic"").phylo.493",1.00006046705833,1.00006071648579
"at.level(trait, ""mic"").phylo.41",1.00006717093432,1.00007145040645
"at.level(trait, ""mic"").phylo.40",1.00015886620532,1.00077813034004
"at.level(trait, ""mic"").phylo.408",0.999994644500646,1.00000623481515
"at.level(trait, ""mic"").phylo.292",0.999997243540184,1.00006649177879
"at.level(trait, ""mic"").phylo.248",0.99998403719656,0.999994655343867
"at.level(trait, ""mic"").phylo.1",1.00003710277319,1.0000395519078
"at.level(trait, ""mic"").phylo.214",1.00006759925338,1.00030849092821
"at.level(trait, ""mic"").phylo.480",1.00008159672733,1.00038929776647
"at.level(trait, ""mic"").phylo.423",1.0001054003741,1.00045976875961
"at.level(trait, ""mic"").phylo.247",1.00011450891381,1.00046438156258
"at.level(trait, ""mic"").phylo.268",1.00005951179599,1.00031510888248
"at.level(trait, ""mic"").phylo.353",1.00005787416376,1.00033823968506
"at.level(trait, ""mic"").phylo.211",1.00002880231395,1.0000417959124
"at.level(trait, ""mic"").phylo.265",1.00000258786836,1.00007158937773
"at.level(trait, ""mic"").phylo.139",0.999984518075521,0.999998578736332
"at.level(trait, ""mic"").phylo.198",1.0000587145173,1.00029834780855
"at.level(trait, ""mic"").phylo.396",1.00001721215277,1.00013651579772
"at.level(trait, ""mic"").phylo.263",1.00005137662794,1.0002717282701
"at.level(trait, ""mic"").phylo.95",1.00004338946448,1.00018699699334
"at.level(trait, ""mic"").phylo.162",1.00004416569557,1.00012899339147
"at.level(trait, ""mic"").phylo.515",0.999988607451441,0.999988715142094
"at.level(trait, ""mic"").phylo.282",0.999991483311094,1.000009613729
"at.level(trait, ""mic"").phylo.427",1.00001092420236,1.00011108777536
"at.level(trait, ""mic"").phylo.240",0.999981138263067,0.999984417238522
"at.level(trait, ""mic"").phylo.166",0.999984773757102,1.00000032608921
"at.level(trait, ""mic"").phylo.182",0.999989296295489,1.00001891925632
"at.level(trait, ""mic"").phylo.532",0.999982402048344,0.999984286535384
"at.level(trait, ""mic"").phylo.273",1.00003996292339,1.00004516467683
"at.level(trait, ""mic"").phylo.119",1.00002570223086,1.00004785431446
"at.level(trait, ""mic"").phylo.355",0.999984905124415,0.999986661189963
"at.level(trait, ""mic"").phylo.241",0.99998385186733,0.999983969105631
"at.level(trait, ""mic"").phylo.203",1.00007793503793,1.00011974364737
"at.level(trait, ""mic"").phylo.121",0.999984098925308,0.999999803991397
"at.level(trait, ""mic"").phylo.305",0.999988826660622,1.00002340258028
"at.level(trait, ""mic"").phylo.534",1.00004518114369,1.00013174668891
"at.level(trait, ""mic"").phylo.167",0.999981258608022,0.999985505164373
"at.level(trait, ""mic"").phylo.336",1.00001774995855,1.00013375559578
"at.level(trait, ""mic"").phylo.188",1.00006593821221,1.00040665485524
"at.level(trait, ""mic"").phylo.274",1.00004989766301,1.00030625270994
"at.level(trait, ""mic"").phylo.281",1.00006857468072,1.00012934756674
"at.level(trait, ""mic"").phylo.89",1.00019751038835,1.00050995509939
"at.level(trait, ""mic"").phylo.531",1.00007174794418,1.00042392399792
"at.level(trait, ""mic"").phylo.164",1.00017172715571,1.00041986059092
"at.level(trait, ""mic"").phylo.382",1.00002305619297,1.0001626170478
"at.level(trait, ""mic"").phylo.192",1.00005017242872,1.00015822607023
"at.level(trait, ""mic"").phylo.301",1.00008044064905,1.0004316103614
"at.level(trait, ""mic"").phylo.506",1.00002920140849,1.0000662575067
"at.level(trait, ""mic"").phylo.334",1.00015387135262,1.00073601695924
"at.level(trait, ""mic"").phylo.469",1.00008658901045,1.00036779920632
"at.level(trait, ""mic"").phylo.2",1.00014042575971,1.00059786668042
"at.level(trait, ""mic"").phylo.470",0.999994172608369,1.00003568034534
"at.level(trait, ""mic"").phylo.351",1.00003889513544,1.00024489371016
"at.level(trait, ""mic"").phylo.31",1.00004210407665,1.00011155745266
"at.level(trait, ""mic"").phylo.159",1.00001502822728,1.00015494523264
"at.level(trait, ""mic"").phylo.187",1.00002146442098,1.00010356477551
"at.level(trait, ""mic"").phylo.488",0.999986677817784,0.999989089701806
"at.level(trait, ""mic"").phylo.486",0.999988203500436,0.999988586592805
"at.level(trait, ""mic"").phylo.225",0.999990530428227,0.999993975359923
"at.level(trait, ""mic"").phylo.32",1.00001058859075,1.00013237491555
"at.level(trait, ""mic"").phylo.541",1.00004705627426,1.00004763500096
"at.level(trait, ""mic"").phylo.380",1.00003803480028,1.00007861540932
"at.level(trait, ""mic"").phylo.462",1.0000211894672,1.00004593356755
"at.level(trait, ""mic"").phylo.451",1.00008386122088,1.00023261939341
"at.level(trait, ""mic"").phylo.403",1.00000606117765,1.00009368002986
"at.level(trait, ""mic"").phylo.115",1.00000271840282,1.00004474187275
"at.level(trait, ""mic"").phylo.250",0.999989832732091,0.999990219584261
"at.level(trait, ""mic"").phylo.93",1.00001936471616,1.00006633771011
"at.level(trait, ""mic"").phylo.230",1.0000743851939,1.00018510201402
"at.level(trait, ""mic"").phylo.457",1.00006162344109,1.00038447826283
"at.level(trait, ""mic"").phylo.313",1.00013604008372,1.00075359789103
"at.level(trait, ""mic"").phylo.331",1.00000578347606,1.00002621211726
"at.level(trait, ""mic"").phylo.176",1.00000686732837,1.00005664729349
"at.level(trait, ""mic"").phylo.75",1.00002734398028,1.00019442888017
"at.level(trait, ""mic"").phylo.296",1.00005055781761,1.00030293932453
"at.level(trait, ""mic"").phylo.205",1.00014109858596,1.00075384033069
"at.level(trait, ""mic"").phylo.256",0.999993292770028,1.0000213205579
"at.level(trait, ""mic"").phylo.487",1.00001597408871,1.00016045397389
"at.level(trait, ""mic"").phylo.347",1.00020786319828,1.00055436755526
"at.level(trait, ""mic"").phylo.442",1.0001076999466,1.00049570167797
"at.level(trait, ""mic"").phylo.495",0.999995504101844,1.00004922580848
"at.level(trait, ""mic"").phylo.116",1.0000257077574,1.00005297813288
"at.level(trait, ""mic"").phylo.233",1.00013686783534,1.00063494707473
"at.level(trait, ""mic"").phylo.539",0.99998470250592,0.99998524522834
"at.level(trait, ""mic"").phylo.83",1.00005248065581,1.00034327089882
"at.level(trait, ""mic"").phylo.444",1.0001278912853,1.00068484904872
"at.level(trait, ""mic"").phylo.508",1.00000848507938,1.00005456776536
"at.level(trait, ""mic"").phylo.33",1.00030024546465,1.0011795198032
"at.level(trait, ""mic"").phylo.142",1.00002867536822,1.00005811469466
"at.level(trait, ""mic"").phylo.311",1.0000533305294,1.000345740027
"at.level(trait, ""mic"").phylo.386",1.00013119147049,1.00071061175241
"at.level(trait, ""mic"").phylo.135",1.00007037519111,1.00043348685534
"at.level(trait, ""mic"").phylo.19",1.00004655687282,1.0002887538703
"at.level(trait, ""mic"").phylo.59",0.999990798861069,1.00001204379393
"at.level(trait, ""mic"").phylo.287",0.999986908843302,1.00000082340621
"at.level(trait, ""mic"").phylo.375",1.00001545843885,1.00006868816991
"at.level(trait, ""mic"").phylo.490",0.999988469728205,1.0000105453492
"at.level(trait, ""mic"").phylo.448",1.00003368724841,1.0001685561587
"at.level(trait, ""mic"").phylo.10",0.999994349204075,1.00000332812904
"at.level(trait, ""mic"").phylo.399",1.00007360519457,1.00012029538331
"at.level(trait, ""mic"").phylo.466",1.00000817728337,1.00004326445075
"at.level(trait, ""mic"").phylo.310",1.00002193333916,1.00003269236315
"at.level(trait, ""mic"").phylo.543",1.00005035055226,1.00020115267964
"at.level(trait, ""mic"").phylo.504",0.999983361958518,0.999993060955073
"at.level(trait, ""mic"").phylo.174",0.999987548546489,1.0000122433905
"at.level(trait, ""mic"").phylo.499",1.00002929345534,1.00016568956393
"at.level(trait, ""mic"").phylo.126",0.99999465620511,0.999996516028186
"at.level(trait, ""mic"").phylo.413",0.999990761350397,1.0000321700966
"at.level(trait, ""mic"").phylo.125",0.999985355085946,0.999987731058142
"at.level(trait, ""mic"").phylo.201",1.00002154916641,1.00015521975098
"at.level(trait, ""mic"").phylo.513",1.00002113312451,1.00005117159439
"at.level(trait, ""mic"").phylo.69",1.00005472300444,1.00017807006595
"at.level(trait, ""mic"").phylo.340",1.00004469010255,1.00030114352554
"at.level(trait, ""mic"").phylo.179",1.00002098437988,1.00017940891218
"at.level(trait, ""mic"").phylo.25",1.00003628665555,1.0002464303005
"at.level(trait, ""mic"").phylo.436",1.00002275511138,1.00007027290037
"at.level(trait, ""mic"").phylo.546",1.00015243414769,1.00015711899805
"at.level(trait, ""mic"").phylo.279",1.00000922380326,1.00012412135187
"at.level(trait, ""mic"").phylo.485",0.999985863876217,0.999999568996857
"at.level(trait, ""mic"").phylo.38",0.999987217644313,0.999998344109348
"at.level(trait, ""mic"").phylo.422",1.0000021117383,1.00003753335519
"at.level(trait, ""mic"").phylo.229",0.9999982303212,1.00003206531435
"at.level(trait, ""mic"").phylo.35",1.00000545247251,1.0001037022759
"at.level(trait, ""mic"").phylo.131",1.00003614833012,1.00014007139788
"at.level(trait, ""mic"").phylo.71",1.00006415957385,1.00006499938478
"at.level(trait, ""mic"").phylo.6",1.0000287753594,1.00021927058727
"at.level(trait, ""mic"").phylo.401",1.00004081855599,1.0001123083162
"at.level(trait, ""mic"").phylo.222",0.999999587070188,0.999999956136205
"at.level(trait, ""mic"").phylo.243",1.00002309251766,1.00010111675827
"at.level(trait, ""mic"").phylo.42",1.00003422838615,1.00003423587694
"at.level(trait, ""mic"").phylo.63",1.00003240395363,1.00023180367178
"at.level(trait, ""mic"").phylo.18",0.999997986812411,1.00004247802814
"at.level(trait, ""mic"").phylo.123",1.0000068096493,1.00001396309312
"at.level(trait, ""mic"").phylo.140",0.999998756178906,1.00001958798047
"at.level(trait, ""mic"").phylo.502",1.00003579379502,1.00007100551594
"at.level(trait, ""mic"").phylo.503",1.00000010496019,1.00007292655832
"at.level(trait, ""mic"").phylo.341",0.999994485703055,1.00005023653644
"at.level(trait, ""mic"").phylo.238",0.999983197487385,0.999986278983588
"at.level(trait, ""mic"").phylo.478",1.00000276668753,1.00005553257964
"at.level(trait, ""mic"").phylo.443",1.00000845928581,1.00003465451014
"at.level(trait, ""mic"").phylo.44",1.00001251798893,1.00014129536006
"at.level(trait, ""mic"").phylo.544",1.00000296684723,1.00008476480075
"at.level(trait, ""mic"").phylo.204",1.0000130842391,1.00001471522755
"at.level(trait, ""mic"").phylo.510",0.999985820567515,0.999998630226504
"at.level(trait, ""mic"").phylo.314",1.00002086007423,1.00006339058841
"at.level(trait, ""mic"").phylo.124",1.00000528015635,1.00001009347639
"at.level(trait, ""mic"").phylo.64",0.999989628034814,1.00000579044409
"at.level(trait, ""mic"").phylo.219",0.999994388810415,1.000021104394
"at.level(trait, ""mic"").phylo.178",1.00000949821827,1.00012423012587
"at.level(trait, ""mic"").phylo.345",0.999991427597055,0.999993464048481
"at.level(trait, ""mic"").phylo.479",0.99998719916576,1.00001558996407
"at.level(trait, ""mic"").phylo.307",0.999986355202261,0.999987277210852
"at.level(trait, ""mic"").phylo.275",1.0000178920418,1.00010219745586
"at.level(trait, ""mic"").phylo.540",0.999992060987599,1.00001851900989
"at.level(trait, ""mic"").phylo.23",1.00004346836092,1.00009293132403
"at.level(trait, ""mic"").phylo.73",1.00005822901752,1.00012011234794
"at.level(trait, ""mic"").phylo.530",1.00005344427235,1.00006602938136
"at.level(trait, ""mic"").phylo.244",1.00005161567985,1.00008699282498
"at.level(trait, ""mic"").phylo.191",1.00001746885063,1.00002873673657
"at.level(trait, ""mic"").phylo.474",1.00000498656002,1.00001801659276
"at.level(trait, ""mic"").phylo.460",0.99999538313601,1.0000194470006
"at.level(trait, ""mic"").phylo.528",1.00001705876225,1.00014773052373
"at.level(trait, ""mic"").phylo.295",1.00004756547815,1.00027019418526
"at.level(trait, ""mic"").phylo.459",0.99998381427276,0.999983829391062
"at.level(trait, ""mic"").phylo.463",0.999982654679533,0.999982942591184
"at.level(trait, ""mic"").phylo.79",0.999981553237002,0.99998724270448
"at.level(trait, ""mic"").phylo.481",0.999989702837279,0.999998162796487
"at.level(trait, ""mic"").phylo.190",1.00002856559662,1.0002039498681
"at.level(trait, ""mic"").phylo.461",0.999993246128665,1.00002797677776
"at.level(trait, ""mic"").phylo.535",1.00002608381906,1.00005748037803
"at.level(trait, ""mic"").phylo.223",1.00006818485627,1.00037342938756
"at.level(trait, ""mic"").phylo.29",1.00000326597151,1.00007715427542
"at.level(trait, ""mic"").phylo.65",1.00002664970453,1.00021114831545
"at.level(trait, ""mic"").phylo.283",1.00006406998319,1.00040189544429
"at.level(trait, ""mic"").phylo.425",1.00011524842907,1.00056388927173
"at.level(trait, ""mic"").phylo.107",0.999985557549182,1.00000707826179
"at.level(trait, ""mic"").phylo.294",0.999982698501881,0.999993418051575
"at.level(trait, ""mic"").phylo.122",1.00004490932237,1.00030092489667
"at.level(trait, ""mic"").phylo.105",1.00011250267182,1.00059934958165
"at.level(trait, ""mic"").phylo.138",1.00008448174082,1.00049602834733
"at.level(trait, ""mic"").phylo.440",0.999995321020709,1.00003367053842
